ts,axg,ayg,azg,gxdps,gydps,gzdps,racc,rpacc,rgyro,pgyro,rcf,pcf,rkf,pkf,exec_us,dt_us,rkfix,pkfix
242821,-0.9883,-0.0305,0.0861,-0.11,0.32,0.37,-19.53,84.72,1.07,80.10,-20.07,84.92,-22.50,84.86,773,1997,-22.50,84.87
242841,-0.9937,-0.0309,0.0816,0.01,0.19,0.30,-20.77,84.98,1.07,80.11,-20.08,84.94,-22.47,84.89,773,1998,-22.47,84.90
242861,-0.9919,-0.0306,0.0856,-0.05,-0.11,0.25,-19.65,84.76,1.06,80.11,-20.23,84.94,-22.52,84.91,773,1998,-22.52,84.92
242881,-0.9900,-0.0307,0.0839,-0.06,-0.02,0.30,-20.11,84.85,1.06,80.11,-20.18,84.94,-22.46,84.93,773,1998,-22.46,84.93
242901,-0.9918,-0.0315,0.0822,-0.03,-0.00,0.22,-20.97,84.93,1.06,80.11,-20.14,84.91,-22.40,84.93,772,1996,-22.40,84.93
242921,-0.9879,-0.0306,0.0812,-0.02,0.24,0.33,-20.63,84.98,1.06,80.11,-20.19,84.92,-22.39,84.95,774,1996,-22.39,84.95
242941,-0.9894,-0.0296,0.0829,0.05,0.11,0.42,-19.65,84.92,1.06,80.12,-20.09,84.93,-22.29,84.96,774,2002,-22.29,84.97
242960,-0.9941,-0.0319,0.0844,-0.02,-0.03,0.37,-20.71,84.81,1.06,80.12,-20.14,84.92,-22.27,84.97,776,1995,-22.27,84.97
242980,-0.9901,-0.0282,0.0837,0.01,-0.06,0.26,-18.62,84.90,1.06,80.12,-20.06,84.92,-22.18,84.98,774,1995,-22.18,84.98
243000,-0.9936,-0.0310,0.0818,-0.03,0.21,0.38,-20.75,84.97,1.06,80.12,-20.15,84.93,-22.18,84.99,774,2003,-22.18,84.99
243020,-0.9901,-0.0307,0.0858,0.05,0.07,0.40,-19.70,84.74,1.06,80.12,-20.12,84.92,-22.11,85.00,774,1997,-22.11,85.00
243040,-0.9900,-0.0308,0.0839,-0.05,-0.06,0.27,-20.17,84.84,1.06,80.12,-20.08,84.90,-22.05,84.99,774,1996,-22.05,84.99
243060,-0.9945,-0.0299,0.0828,-0.12,-0.12,0.26,-19.87,84.94,1.06,80.12,-20.18,84.91,-22.05,85.00,774,2001,-22.05,85.00
243080,-0.9904,-0.0297,0.0857,-0.13,-0.05,0.25,-19.09,84.77,1.06,80.12,-20.14,84.89,-21.99,84.99,775,1995,-21.99,84.99
243100,-0.9900,-0.0300,0.0823,-0.09,0.03,0.34,-20.05,84.94,1.05,80.13,-20.14,84.90,-21.94,85.00,774,1996,-21.94,85.00
243120,-0.9899,-0.0304,0.0831,-0.05,0.07,0.38,-20.10,84.89,1.05,80.13,-20.09,84.90,-21.86,85.00,774,1995,-21.86,85.00
243140,-0.9927,-0.0273,0.0827,0.02,0.07,0.32,-18.26,84.99,1.05,80.13,-19.97,84.91,-21.75,85.00,774,2001,-21.75,85.01
243160,-0.9913,-0.0301,0.0809,-0.13,0.04,0.25,-20.39,85.02,1.05,80.13,-19.91,84.90,-21.65,85.00,774,1999,-21.65,85.01
243180,-0.9921,-0.0324,0.0789,0.01,0.22,0.31,-22.33,85.08,1.05,80.13,-20.08,84.92,-21.69,85.01,774,1995,-21.69,85.02
243200,-0.9913,-0.0305,0.0837,-0.01,0.25,0.40,-20.00,84.87,1.05,80.14,-19.97,84.92,-21.58,85.02,774,1999,-21.58,85.02
243220,-0.9917,-0.0311,0.0840,-0.14,0.17,0.27,-20.30,84.84,1.04,80.14,-20.10,84.92,-21.60,85.02,774,1996,-21.60,85.02
243240,-0.9922,-0.0313,0.0810,-0.14,0.01,0.24,-21.14,85.00,1.04,80.14,-20.11,84.92,-21.56,85.02,773,1995,-21.56,85.02
243260,-0.9919,-0.0311,0.0837,-0.00,0.14,0.28,-20.37,84.86,1.04,80.14,-20.19,84.93,-21.57,85.03,773,2001,-21.57,85.03
243280,-0.9911,-0.0306,0.0817,0.03,0.22,0.21,-20.51,84.97,1.04,80.15,-20.22,84.93,-21.55,85.02,773,2001,-21.55,85.03
243300,-0.9908,-0.0305,0.0782,-0.06,0.05,0.35,-21.31,85.15,1.04,80.15,-20.32,84.94,-21.57,85.03,773,2000,-21.57,85.04
243320,-0.9911,-0.0308,0.0813,-0.08,0.22,0.32,-20.73,84.99,1.04,80.15,-20.33,84.95,-21.54,85.04,773,1999,-21.55,85.04
243340,-0.9953,-0.0288,0.0831,0.01,0.07,0.32,-19.13,84.95,1.04,80.16,-20.11,84.95,-21.39,85.04,775,1998,-21.39,85.04
243360,-0.9923,-0.0289,0.0836,0.06,-0.02,0.31,-19.05,84.91,1.04,80.16,-20.06,84.95,-21.32,85.04,775,1998,-21.32,85.04
243380,-0.9908,-0.0309,0.0826,-0.06,-0.12,0.24,-20.54,84.91,1.04,80.15,-19.94,84.95,-21.21,85.04,775,1994,-21.21,85.04
243400,-0.9928,-0.0315,0.0822,-0.25,-0.21,0.23,-20.96,84.93,1.03,80.15,-20.02,84.94,-21.20,85.03,775,1999,-21.20,85.03
243420,-0.9901,-0.0286,0.0840,-0.19,-0.30,0.16,-18.82,84.88,1.03,80.14,-20.02,84.93,-21.16,85.02,775,1994,-21.16,85.02
243440,-0.9945,-0.0301,0.0832,-0.05,0.23,0.29,-19.89,84.92,1.03,80.15,-19.80,84.91,-20.99,85.01,775,2000,-20.99,85.01
243460,-0.9841,-0.0306,0.0820,-0.15,0.38,0.41,-20.46,84.92,1.03,80.15,-19.85,84.91,-20.97,85.01,776,1995,-20.97,85.01
243480,-0.9944,-0.0280,0.0800,-0.10,0.42,0.34,-19.27,85.13,1.02,80.16,-19.73,84.90,-20.85,85.00,775,1998,-20.86,85.00
243500,-0.9898,-0.0295,0.0821,-0.02,0.10,0.35,-19.79,84.96,1.02,80.16,-19.62,84.91,-20.73,85.00,775,1998,-20.73,85.00
243520,-0.9915,-0.0288,0.0869,-0.08,0.15,0.17,-18.35,84.73,1.02,80.17,-19.77,84.92,-20.77,85.01,776,1998,-20.77,85.01
243540,-0.9889,-0.0298,0.0831,-0.10,0.24,0.38,-19.75,84.90,1.02,80.17,-19.76,84.91,-20.72,85.00,775,1998,-20.72,85.00
243560,-0.9923,-0.0302,0.0830,-0.12,0.06,0.35,-19.96,84.91,1.02,80.17,-19.89,84.92,-20.75,85.00,775,1998,-20.75,85.00
243580,-0.9910,-0.0307,0.0861,-0.05,0.02,0.28,-19.63,84.73,1.02,80.17,-19.90,84.91,-20.72,85.00,775,1998,-20.72,85.00
243600,-0.9915,-0.0308,0.0866,-0.16,0.10,0.30,-19.59,84.70,1.01,80.17,-19.86,84.90,-20.67,84.98,775,1998,-20.67,84.99
243620,-0.9905,-0.0308,0.0818,-0.18,0.06,0.25,-20.60,84.96,1.01,80.18,-20.00,84.90,-20.72,84.98,775,1999,-20.72,84.99
243640,-0.9896,-0.0294,0.0834,-0.10,0.09,0.21,-19.44,84.89,1.01,80.18,-19.99,84.89,-20.69,84.97,775,1998,-20.69,84.98
243660,-0.9919,-0.0283,0.0844,-0.06,0.04,0.27,-18.51,84.87,1.01,80.18,-20.01,84.90,-20.68,84.97,773,1998,-20.68,84.98
243680,-0.9921,-0.0291,0.0828,-0.09,0.15,0.26,-19.33,84.94,1.01,80.18,-19.94,84.89,-20.62,84.97,773,1994,-20.62,84.97
243700,-0.9938,-0.0316,0.0854,-0.08,0.15,0.29,-20.32,84.76,1.01,80.18,-19.75,84.88,-20.48,84.96,773,1998,-20.48,84.96
243720,-0.9922,-0.0281,0.0826,-0.16,0.06,0.27,-18.78,84.98,1.00,80.18,-19.71,84.87,-20.42,84.95,773,1998,-20.42,84.95
243740,-0.9897,-0.0309,0.0832,-0.05,-0.09,0.19,-20.40,84.88,1.00,80.18,-19.78,84.88,-20.43,84.95,773,1999,-20.43,84.95
243760,-0.9927,-0.0333,0.0854,-0.00,0.04,0.28,-21.31,84.72,1.00,80.19,-19.91,84.86,-20.47,84.93,773,1998,-20.47,84.93
243780,-0.9931,-0.0316,0.0830,-0.09,0.05,0.30,-20.81,84.89,1.00,80.18,-20.02,84.86,-20.51,84.93,773,1998,-20.51,84.93
243800,-0.9917,-0.0293,0.0801,-0.05,-0.03,0.22,-20.08,85.08,1.00,80.19,-20.11,84.87,-20.55,84.93,773,1998,-20.55,84.93
243820,-0.9921,-0.0317,0.0836,-0.11,-0.05,0.22,-20.78,84.85,0.99,80.19,-20.23,84.89,-20.61,84.94,773,1998,-20.61,84.94
243840,-0.9917,-0.0309,0.0849,-0.12,0.23,0.29,-19.99,84.79,0.99,80.19,-20.17,84.88,-20.58,84.93,773,1998,-20.58,84.93
243860,-0.9927,-0.0309,0.0851,-0.05,0.26,0.25,-19.95,84.79,0.99,80.19,-20.15,84.88,-20.56,84.93,773,1998,-20.56,84.93
243880,-0.9897,-0.0295,0.0853,-0.05,-0.03,0.22,-19.06,84.79,0.99,80.20,-20.09,84.88,-20.52,84.93,773,1994,-20.52,84.93
243900,-0.9909,-0.0322,0.0854,-0.01,0.13,0.34,-20.68,84.74,0.99,80.20,-19.97,84.86,-20.43,84.91,773,1999,-20.43,84.91
243920,-0.9910,-0.0305,0.0833,-0.18,0.17,0.24,-20.08,84.88,0.99,80.20,-20.06,84.86,-20.47,84.91,776,1995,-20.47,84.91
243940,-0.9924,-0.0308,0.0823,0.01,0.14,0.29,-20.54,84.94,0.99,80.20,-20.04,84.88,-20.44,84.92,774,2000,-20.45,84.92
243959,-0.9932,-0.0294,0.0825,-0.02,0.25,0.21,-19.64,84.96,0.99,80.21,-20.02,84.88,-20.42,84.91,774,2002,-20.42,84.92
243979,-0.9896,-0.0295,0.0854,-0.12,0.17,0.32,-19.05,84.78,0.99,80.21,-19.93,84.87,-20.36,84.91,774,1997,-20.36,84.91
243999,-0.9900,-0.0306,0.0834,-0.06,0.10,0.21,-20.16,84.87,0.98,80.21,-19.90,84.86,-20.32,84.90,774,2000,-20.32,84.90
244019,-0.9887,-0.0302,0.0830,0.03,0.26,0.22,-19.96,84.90,0.98,80.21,-19.91,84.86,-20.31,84.90,774,1997,-20.31,84.90
244039,-0.9929,-0.0303,0.0824,0.04,0.14,0.19,-20.17,84.95,0.98,80.22,-19.86,84.86,-20.26,84.90,774,2001,-20.26,84.90
244059,-0.9899,-0.0302,0.0810,-0.15,0.01,0.21,-20.42,85.01,0.98,80.22,-19.78,84.87,-20.19,84.90,774,1997,-20.19,84.90
244079,-0.9904,-0.0286,0.0814,-0.18,0.12,0.26,-19.33,85.02,0.98,80.22,-19.83,84.90,-20.20,84.92,772,1999,-20.20,84.92
244099,-0.9921,-0.0291,0.0806,0.02,0.07,0.23,-19.83,85.07,0.98,80.22,-19.75,84.90,-20.13,84.91,774,1997,-20.13,84.92
244119,-0.9926,-0.0305,0.0852,-0.14,0.14,0.17,-19.71,84.79,0.98,80.22,-19.81,84.89,-20.14,84.91,774,2000,-20.14,84.91
244139,-0.9872,-0.0299,0.0802,-0.08,0.01,0.05,-20.45,85.04,0.97,80.23,-19.82,84.92,-20.13,84.92,774,1994,-20.13,84.93
244159,-1.0054,-0.0321,0.0853,-0.10,0.03,0.08,-20.62,84.82,0.97,80.23,-19.83,84.91,-20.12,84.92,774,1999,-20.12,84.92
244179,-0.9833,-0.0300,0.0828,-0.12,0.14,0.29,-19.91,84.88,0.97,80.23,-20.29,84.91,-20.37,84.92,774,1995,-20.37,84.92
244199,-0.9914,-0.0269,0.0853,-0.06,0.23,0.15,-17.47,84.84,0.97,80.23,-20.01,84.91,-20.23,84.92,775,1994,-20.23,84.92
244219,-0.9869,-0.0302,0.0803,-0.08,0.04,0.10,-20.59,85.03,0.97,80.23,-19.86,84.92,-20.13,84.93,774,2000,-20.13,84.93
244239,-0.9891,-0.0292,0.0831,-0.00,0.04,0.05,-19.35,84.91,0.97,80.23,-19.87,84.92,-20.13,84.93,773,1996,-20.13,84.93
244259,-0.9967,-0.0344,0.0866,-0.05,0.05,0.15,-21.68,84.66,0.97,80.23,-19.85,84.91,-20.10,84.92,774,1999,-20.10,84.92
244279,-0.9899,-0.0315,0.0829,-0.03,-0.03,0.18,-20.81,84.88,0.97,80.23,-20.20,84.88,-20.29,84.90,773,1999,-20.29,84.90
244299,-0.9900,-0.0303,0.0828,-0.08,0.09,0.05,-20.12,84.91,0.96,80.23,-20.07,84.88,-20.22,84.90,775,1995,-20.22,84.90
244319,-0.9938,-0.0316,0.0823,-0.03,0.04,0.18,-20.98,84.93,0.96,80.24,-20.25,84.89,-20.32,84.90,775,1999,-20.32,84.90
244339,-0.9911,-0.0314,0.0845,-0.02,0.05,0.08,-20.36,84.80,0.96,80.24,-20.27,84.89,-20.34,84.90,775,1998,-20.34,84.91
244359,-0.9914,-0.0319,0.0832,-0.11,0.26,0.20,-20.99,84.86,0.96,80.24,-20.12,84.86,-20.27,84.89,775,1999,-20.27,84.89
244379,-0.9913,-0.0304,0.0814,0.01,0.23,0.23,-20.49,84.99,0.96,80.24,-20.22,84.89,-20.32,84.90,775,1998,-20.32,84.90
244399,-0.9933,-0.0313,0.0834,-0.00,0.26,0.27,-20.57,84.87,0.96,80.25,-20.26,84.89,-20.36,84.90,775,1998,-20.36,84.91
244419,-0.9916,-0.0315,0.0831,-0.02,0.30,0.21,-20.75,84.88,0.96,80.25,-20.28,84.90,-20.37,84.91,775,2000,-20.37,84.91
244439,-0.9907,-0.0312,0.0811,0.02,0.21,0.22,-21.03,84.99,0.96,80.26,-20.40,84.89,-20.44,84.90,775,2000,-20.44,84.90
244459,-0.9907,-0.0303,0.0823,-0.03,0.16,0.17,-20.24,84.94,0.96,80.26,-20.45,84.91,-20.49,84.91,775,1999,-20.49,84.91
244479,-0.9932,-0.0333,0.0837,0.03,0.05,0.08,-21.71,84.82,0.96,80.26,-20.55,84.90,-20.56,84.91,776,1999,-20.56,84.91
244499,-0.9915,-0.0300,0.0833,0.03,0.14,0.23,-19.82,84.90,0.96,80.27,-20.46,84.91,-20.52,84.91,776,1997,-20.52,84.91
244519,-0.9907,-0.0298,0.0827,-0.01,0.14,0.03,-19.81,84.93,0.96,80.27,-20.38,84.92,-20.49,84.92,776,1998,-20.49,84.92
244539,-0.9913,-0.0323,0.0835,-0.05,0.09,0.06,-21.18,84.84,0.96,80.27,-20.35,84.90,-20.48,84.91,776,1994,-20.48,84.91
244559,-0.9911,-0.0302,0.0839,-0.02,0.04,0.08,-19.81,84.86,0.96,80.27,-20.38,84.90,-20.49,84.91,775,1998,-20.49,84.91
244579,-0.9904,-0.0305,0.0833,-0.03,0.10,0.05,-20.13,84.88,0.96,80.27,-20.42,84.91,-20.52,84.91,775,1998,-20.52,84.91
244599,-0.9909,-0.0312,0.0847,-0.00,0.02,0.13,-20.21,84.79,0.96,80.28,-20.55,84.92,-20.60,84.92,776,1999,-20.60,84.92
244619,-0.9910,-0.0302,0.0836,-0.08,0.09,0.10,-19.83,84.87,0.95,80.28,-20.51,84.92,-20.59,84.92,773,2001,-20.59,84.92
244639,-0.9916,-0.0310,0.0874,-0.05,0.15,0.13,-19.53,84.66,0.95,80.28,-20.51,84.89,-20.60,84.90,773,1998,-20.60,84.90
244659,-0.9908,-0.0298,0.0850,-0.05,0.07,0.17,-19.34,84.80,0.95,80.28,-20.35,84.86,-20.51,84.88,773,1999,-20.51,84.88
244679,-0.9893,-0.0320,0.0846,-0.05,0.10,0.20,-20.71,84.78,0.95,80.28,-20.36,84.88,-20.52,84.89,773,1993,-20.52,84.89
244699,-0.9919,-0.0312,0.0814,0.03,0.18,0.14,-20.97,84.98,0.95,80.29,-20.36,84.89,-20.51,84.90,773,1998,-20.51,84.90
244719,-0.9919,-0.0320,0.0833,-0.04,0.07,0.10,-21.00,84.86,0.95,80.29,-20.38,84.89,-20.52,84.89,773,2001,-20.52,84.89
244739,-0.9926,-0.0322,0.0861,-0.10,0.04,0.15,-20.49,84.71,0.95,80.29,-20.41,84.87,-20.54,84.89,773,1999,-20.54,84.89
244759,-0.9910,-0.0317,0.0856,-0.05,0.12,0.23,-20.34,84.73,0.95,80.29,-20.43,84.86,-20.55,84.88,771,1999,-20.55,84.88
244779,-0.9926,-0.0317,0.0824,-0.01,0.04,0.07,-21.07,84.92,0.95,80.30,-20.47,84.86,-20.57,84.87,773,1994,-20.57,84.87
244799,-0.9921,-0.0321,0.0849,0.08,0.22,0.23,-20.71,84.77,0.95,80.30,-20.52,84.85,-20.60,84.86,773,1999,-20.60,84.86
244819,-0.9947,-0.0322,0.0830,-0.02,0.16,0.14,-21.18,84.89,0.95,80.30,-20.61,84.86,-20.66,84.87,773,1996,-20.66,84.87
244839,-0.9909,-0.0309,0.0831,-0.02,0.09,0.17,-20.38,84.89,0.95,80.30,-20.61,84.87,-20.67,84.87,773,1996,-20.67,84.87
244859,-0.9919,-0.0299,0.0832,-0.05,0.22,0.06,-19.77,84.91,0.95,80.30,-20.47,84.87,-20.60,84.87,773,1995,-20.60,84.87
244879,-0.9921,-0.0322,0.0815,-0.09,0.06,0.21,-21.56,84.95,0.95,80.31,-20.41,84.86,-20.56,84.86,774,1999,-20.56,84.86
244899,-0.9932,-0.0308,0.0834,-0.06,0.16,0.15,-20.25,84.89,0.95,80.31,-20.53,84.87,-20.62,84.87,773,1998,-20.62,84.87
244919,-0.9930,-0.0306,0.0825,-0.07,0.15,0.21,-20.38,84.94,0.95,80.31,-20.43,84.88,-20.57,84.87,777,1997,-20.57,84.87
244939,-0.9908,-0.0330,0.0836,-0.12,0.17,0.08,-21.51,84.82,0.94,80.31,-20.37,84.87,-20.53,84.87,775,1997,-20.53,84.87
244958,-0.9936,-0.0311,0.0852,0.01,0.07,0.30,-20.07,84.78,0.94,80.32,-20.37,84.87,-20.52,84.87,775,1996,-20.52,84.87
244978,-0.9880,-0.0303,0.0857,-0.08,0.07,0.17,-19.46,84.74,0.94,80.32,-20.22,84.86,-20.43,84.86,775,1996,-20.43,84.86
244998,-0.9909,-0.0303,0.0818,-0.02,0.13,0.14,-20.31,84.97,0.94,80.32,-20.13,84.86,-20.37,84.86,774,2001,-20.37,84.86
245018,-0.9902,-0.0298,0.0827,-0.08,0.16,0.15,-19.84,84.93,0.94,80.32,-19.99,84.86,-20.26,84.86,774,1996,-20.26,84.86
245038,-0.9910,-0.0323,0.0842,-0.05,0.04,0.11,-21.01,84.80,0.94,80.32,-20.04,84.85,-20.26,84.85,774,2001,-20.26,84.85
245058,-0.9911,-0.0313,0.0837,-0.04,0.06,0.14,-20.46,84.85,0.94,80.32,-20.23,84.87,-20.36,84.86,774,1996,-20.36,84.86
245078,-0.9921,-0.0322,0.0817,-0.02,0.10,0.17,-21.54,84.94,0.94,80.32,-20.35,84.88,-20.42,84.86,774,1995,-20.42,84.86
245098,-0.9934,-0.0292,0.0825,-0.02,0.05,0.16,-19.47,84.96,0.94,80.32,-20.42,84.88,-20.46,84.87,774,2001,-20.46,84.87
245118,-0.9943,-0.0314,0.0840,-0.02,0.06,0.14,-20.51,84.84,0.94,80.33,-20.24,84.88,-20.36,84.86,774,2000,-20.36,84.87
245138,-0.9873,-0.0300,0.0832,-0.12,0.10,0.17,-19.81,84.88,0.94,80.33,-20.26,84.89,-20.36,84.87,774,1997,-20.36,84.87
245158,-0.9946,-0.0319,0.0826,-0.03,0.14,0.27,-21.10,84.91,0.93,80.33,-20.34,84.88,-20.40,84.87,775,1995,-20.40,84.87
245178,-0.9894,-0.0328,0.0817,0.02,0.10,0.22,-21.89,84.91,0.93,80.33,-20.48,84.89,-20.48,84.87,774,1999,-20.48,84.87
245198,-0.9922,-0.0314,0.0830,-0.06,0.09,0.19,-20.70,84.89,0.93,80.34,-20.50,84.88,-20.50,84.87,775,1997,-20.50,84.87
245218,-0.9922,-0.0324,0.0824,0.07,0.04,0.17,-21.47,84.90,0.93,80.34,-20.54,84.88,-20.53,84.87,775,1995,-20.53,84.87
245238,-0.9888,-0.0298,0.0839,-0.04,0.20,0.17,-19.58,84.85,0.93,80.34,-20.46,84.88,-20.49,84.87,774,1995,-20.49,84.87
245258,-0.9921,-0.0320,0.0831,-0.03,0.14,0.14,-21.09,84.87,0.93,80.34,-20.49,84.89,-20.52,84.88,775,1995,-20.52,84.88
245278,-0.9924,-0.0295,0.0828,-0.08,0.11,0.21,-19.63,84.94,0.93,80.34,-20.54,84.89,-20.55,84.88,775,1998,-20.55,84.88
245298,-0.9902,-0.0325,0.0821,-0.01,0.07,0.12,-21.62,84.90,0.93,80.35,-20.58,84.90,-20.58,84.88,775,1994,-20.58,84.88
245318,-0.9902,-0.0324,0.0869,-0.11,0.14,0.21,-20.46,84.65,0.93,80.35,-20.59,84.89,-20.59,84.87,776,1999,-20.59,84.87
245338,-0.9904,-0.0338,0.0814,-0.05,0.14,0.10,-22.53,84.92,0.92,80.35,-20.62,84.87,-20.61,84.87,775,1999,-20.61,84.87
245358,-0.9910,-0.0305,0.0821,-0.04,0.17,0.14,-20.39,84.95,0.92,80.35,-20.74,84.88,-20.69,84.87,775,1994,-20.69,84.87
245378,-0.9918,-0.0313,0.0812,-0.05,0.10,0.25,-21.05,84.99,0.92,80.35,-20.68,84.89,-20.67,84.88,775,2001,-20.67,84.88
245398,-0.9916,-0.0317,0.0800,-0.03,0.07,0.21,-21.64,85.04,0.92,80.35,-20.75,84.90,-20.72,84.88,775,1999,-20.72,84.88
245418,-0.9888,-0.0299,0.0811,-0.03,0.10,0.18,-20.25,85.01,0.92,80.36,-20.65,84.90,-20.68,84.89,775,1999,-20.68,84.89
245438,-0.9913,-0.0315,0.0829,-0.07,0.11,0.11,-20.81,84.89,0.92,80.36,-20.65,84.90,-20.68,84.89,775,2000,-20.68,84.89
245458,-0.9924,-0.0316,0.0835,-0.05,0.10,0.25,-20.70,84.86,0.92,80.36,-20.59,84.89,-20.65,84.88,775,2001,-20.65,84.88
245478,-0.9902,-0.0322,0.0809,-0.01,0.09,0.21,-21.71,84.97,0.92,80.36,-20.74,84.90,-20.74,84.89,776,1998,-20.74,84.89
245498,-0.9921,-0.0309,0.0846,0.01,0.15,0.11,-20.06,84.81,0.92,80.36,-20.49,84.89,-20.60,84.88,775,1998,-20.60,84.88
245518,-0.9888,-0.0304,0.0853,-0.01,0.14,0.12,-19.62,84.77,0.92,80.37,-20.39,84.88,-20.54,84.88,776,1998,-20.54,84.88
245538,-0.9929,-0.0305,0.0858,-0.02,0.24,0.21,-19.55,84.76,0.92,80.37,-20.45,84.90,-20.56,84.89,776,1998,-20.56,84.89
245558,-0.9911,-0.0333,0.0842,0.01,0.14,0.05,-21.60,84.78,0.92,80.37,-20.42,84.90,-20.54,84.89,776,2000,-20.54,84.89
245578,-0.9905,-0.0311,0.0844,-0.05,0.21,0.06,-20.24,84.81,0.92,80.37,-20.33,84.88,-20.48,84.88,773,1998,-20.48,84.88
245598,-0.9929,-0.0322,0.0829,-0.02,0.22,0.23,-21.21,84.88,0.92,80.38,-20.44,84.88,-20.53,84.88,773,1999,-20.53,84.88
245618,-0.9919,-0.0308,0.0806,-0.03,0.07,0.08,-20.94,85.03,0.92,80.38,-20.43,84.89,-20.51,84.88,773,1999,-20.51,84.88
245638,-0.9911,-0.0303,0.0822,-0.08,0.16,0.17,-20.22,84.95,0.92,80.38,-20.41,84.89,-20.50,84.88,773,1998,-20.50,84.88
245658,-0.9916,-0.0317,0.0801,-0.06,0.14,0.25,-21.58,85.04,0.92,80.38,-20.41,84.89,-20.49,84.88,774,1999,-20.49,84.88
245678,-0.9901,-0.0331,0.0867,-0.04,0.23,0.20,-20.89,84.65,0.92,80.39,-20.51,84.89,-20.54,84.88,773,1999,-20.54,84.88
245698,-0.9904,-0.0321,0.0840,-0.06,0.23,0.27,-20.91,84.81,0.91,80.39,-20.62,84.88,-20.61,84.88,773,1998,-20.61,84.88
245718,-0.9930,-0.0314,0.0846,-0.04,0.07,0.14,-20.35,84.81,0.91,80.39,-20.61,84.89,-20.61,84.88,773,1999,-20.61,84.88
245738,-0.9910,-0.0294,0.0809,0.04,0.01,0.27,-19.98,85.03,0.91,80.39,-20.65,84.89,-20.64,84.88,773,1998,-20.64,84.88
245758,-0.9922,-0.0289,0.0817,-0.07,0.06,0.14,-19.51,85.01,0.91,80.40,-20.68,84.89,-20.67,84.88,773,2002,-20.67,84.88
245778,-0.9915,-0.0326,0.0861,0.05,-0.01,0.16,-20.74,84.70,0.91,80.40,-20.67,84.88,-20.66,84.88,773,1998,-20.66,84.88
245798,-0.9894,-0.0312,0.0866,-0.05,-0.03,0.13,-19.80,84.68,0.91,80.40,-20.64,84.85,-20.65,84.86,773,1995,-20.65,84.86
245818,-0.9913,-0.0303,0.0851,0.01,0.17,0.18,-19.61,84.79,0.91,80.40,-20.66,84.84,-20.67,84.85,773,1995,-20.67,84.85
245838,-0.9915,-0.0334,0.0828,-0.05,0.25,0.08,-21.99,84.85,0.91,80.40,-20.78,84.85,-20.74,84.86,774,1999,-20.74,84.86
245858,-0.9918,-0.0308,0.0839,0.05,0.21,0.18,-20.13,84.85,0.91,80.41,-20.75,84.85,-20.74,84.85,773,1999,-20.74,84.85
245878,-0.9937,-0.0318,0.0859,0.02,0.19,0.20,-20.31,84.73,0.91,80.41,-20.63,84.85,-20.68,84.85,774,2002,-20.68,84.85
245898,-0.9898,-0.0305,0.0836,-0.04,0.07,0.24,-20.06,84.86,0.91,80.41,-20.66,84.87,-20.70,84.86,773,1995,-20.70,84.86
245918,-0.9901,-0.0313,0.0835,-0.08,-0.01,0.01,-20.56,84.85,0.91,80.42,-20.57,84.86,-20.64,84.85,771,1997,-20.64,84.85
245938,-0.9920,-0.0312,0.0849,-0.12,0.20,0.21,-20.17,84.79,0.91,80.42,-20.57,84.87,-20.64,84.86,774,1995,-20.64,84.86
245957,-0.9901,-0.0321,0.0848,0.02,0.13,0.18,-20.73,84.77,0.91,80.42,-20.53,84.87,-20.61,84.86,775,1996,-20.61,84.86
245977,-0.9922,-0.0316,0.0813,0.02,0.11,0.21,-21.21,84.98,0.91,80.42,-20.53,84.88,-20.61,84.86,774,1998,-20.61,84.86
245997,-0.9910,-0.0311,0.0820,-0.15,0.02,0.26,-20.74,84.94,0.91,80.43,-20.53,84.88,-20.60,84.87,774,1996,-20.60,84.87
246017,-0.9888,-0.0308,0.0867,-0.08,0.17,0.17,-19.56,84.68,0.90,80.42,-20.49,84.87,-20.57,84.86,774,2000,-20.58,84.86
246037,-0.9933,-0.0301,0.0822,-0.05,0.07,0.08,-20.10,84.96,0.90,80.43,-20.49,84.89,-20.57,84.87,774,1997,-20.57,84.87
246057,-0.9975,-0.0321,0.0844,-0.00,0.04,0.16,-20.82,84.83,0.90,80.43,-20.42,84.86,-20.52,84.85,774,1997,-20.52,84.85
246077,-0.9839,-0.0303,0.0823,-0.04,0.04,0.21,-20.22,84.90,0.90,80.43,-20.45,84.87,-20.53,84.86,774,1997,-20.53,84.86
246097,-0.9942,-0.0329,0.0856,-0.02,0.14,0.28,-21.02,84.73,0.90,80.43,-20.57,84.87,-20.59,84.86,775,1998,-20.59,84.86
246117,-0.9910,-0.0320,0.0870,-0.12,0.09,0.16,-20.22,84.66,0.90,80.43,-20.52,84.87,-20.57,84.86,775,1995,-20.57,84.86
246137,-0.9900,-0.0325,0.0842,-0.05,0.05,0.21,-21.10,84.79,0.90,80.43,-20.65,84.85,-20.64,84.85,774,1999,-20.64,84.85
246157,-0.9900,-0.0320,0.0839,-0.15,0.05,0.14,-20.88,84.82,0.90,80.43,-20.60,84.85,-20.61,84.84,775,1997,-20.61,84.84
246177,-0.9928,-0.0328,0.0829,-0.12,0.04,0.14,-21.58,84.87,0.90,80.43,-20.65,84.85,-20.64,84.84,775,1995,-20.64,84.84
246197,-0.9917,-0.0302,0.0834,-0.07,-0.08,0.14,-19.91,84.89,0.89,80.43,-20.83,84.86,-20.76,84.85,775,1995,-20.76,84.85
246217,-0.9896,-0.0307,0.0847,-0.09,0.09,0.05,-19.93,84.80,0.89,80.43,-20.68,84.85,-20.68,84.84,777,1995,-20.68,84.84
246237,-0.9939,-0.0299,0.0844,0.01,0.07,0.03,-19.51,84.85,0.89,80.43,-20.38,84.85,-20.51,84.84,775,1999,-20.51,84.84
246257,-0.9893,-0.0311,0.0845,-0.07,0.07,0.17,-20.22,84.80,0.89,80.44,-20.37,84.84,-20.49,84.83,776,1999,-20.49,84.83
246277,-0.9918,-0.0297,0.0871,-0.08,-0.02,0.14,-18.84,84.70,0.89,80.44,-20.24,84.85,-20.40,84.84,776,1998,-20.40,84.84
246297,-0.9921,-0.0311,0.0828,-0.04,0.11,0.13,-20.61,84.91,0.89,80.44,-20.23,84.85,-20.38,84.83,775,2000,-20.38,84.84
246317,-0.9926,-0.0295,0.0876,0.05,0.11,0.25,-18.64,84.68,0.89,80.44,-20.24,84.84,-20.36,84.83,775,2000,-20.36,84.83
246337,-0.9919,-0.0322,0.0847,-0.02,0.02,0.21,-20.80,84.78,0.89,80.44,-20.22,84.83,-20.33,84.82,775,1994,-20.33,84.82
246357,-0.9899,-0.0319,0.0881,-0.04,0.15,0.08,-19.89,84.60,0.89,80.44,-20.35,84.82,-20.40,84.82,776,1994,-20.40,84.82
246377,-0.9930,-0.0318,0.0834,-0.04,0.17,0.07,-20.88,84.87,0.89,80.45,-20.34,84.82,-20.38,84.82,775,1994,-20.38,84.82
246397,-0.9904,-0.0334,0.0843,-0.06,0.22,0.12,-21.61,84.77,0.89,80.45,-20.55,84.84,-20.49,84.83,776,2001,-20.49,84.83
246417,-0.9925,-0.0313,0.0851,0.03,0.14,0.11,-20.17,84.78,0.89,80.45,-20.45,84.84,-20.44,84.83,775,1999,-20.44,84.83
246437,-0.9904,-0.0327,0.0799,-0.06,0.07,0.16,-22.23,85.02,0.89,80.46,-20.61,84.84,-20.53,84.82,775,1995,-20.53,84.82
246457,-0.9903,-0.0318,0.0832,-0.05,0.16,0.11,-20.92,84.86,0.89,80.46,-20.65,84.84,-20.56,84.83,776,1999,-20.56,84.83
246477,-0.9938,-0.0313,0.0787,0.06,0.20,-0.10,-21.66,85.13,0.88,80.46,-20.87,84.88,-20.70,84.85,775,1998,-20.70,84.85
246497,-0.9895,-0.0343,0.0884,0.05,0.60,0.07,-21.21,84.53,0.88,80.47,-20.77,84.86,-20.66,84.84,775,1995,-20.66,84.84
246517,-0.9917,-0.0315,0.0872,-0.02,0.17,0.11,-19.85,84.66,0.88,80.48,-20.73,84.83,-20.65,84.83,776,1994,-20.65,84.83
246537,-0.9917,-0.0314,0.0854,-0.08,0.07,0.17,-20.16,84.76,0.88,80.48,-20.66,84.82,-20.63,84.82,773,1998,-20.63,84.82
246557,-0.9918,-0.0319,0.0847,-0.04,0.15,0.08,-20.66,84.79,0.88,80.48,-20.52,84.81,-20.55,84.81,774,1999,-20.55,84.81
246577,-0.9909,-0.0329,0.0845,0.01,0.13,0.20,-21.28,84.77,0.88,80.48,-20.55,84.81,-20.56,84.81,773,2000,-20.56,84.81
246597,-0.9924,-0.0319,0.0828,0.02,0.09,0.10,-21.04,84.89,0.88,80.49,-20.60,84.82,-20.59,84.82,773,1999,-20.59,84.82
246617,-0.9918,-0.0311,0.0865,0.05,0.01,0.16,-19.76,84.71,0.89,80.49,-20.59,84.83,-20.59,84.82,773,1999,-20.59,84.82
246637,-0.9919,-0.0322,0.0862,0.03,-0.05,0.13,-20.45,84.70,0.88,80.49,-20.50,84.81,-20.54,84.80,773,1998,-20.54,84.80
246657,-0.9920,-0.0320,0.0823,-0.04,0.04,0.03,-21.24,84.91,0.88,80.49,-20.40,84.80,-20.47,84.80,773,1998,-20.47,84.80
246677,-0.9918,-0.0327,0.0831,-0.08,0.17,-0.00,-21.48,84.85,0.88,80.49,-20.43,84.82,-20.49,84.80,774,1995,-20.49,84.80
246697,-0.9914,-0.0302,0.0842,-0.05,0.25,0.14,-19.70,84.84,0.88,80.49,-20.49,84.82,-20.52,84.81,773,1994,-20.52,84.81
246717,-0.9901,-0.0319,0.0832,-0.02,0.17,0.11,-20.99,84.86,0.88,80.50,-20.43,84.82,-20.47,84.80,773,2000,-20.47,84.80
246737,-0.9921,-0.0312,0.0839,0.01,0.10,-0.01,-20.40,84.85,0.88,80.50,-20.59,84.85,-20.56,84.82,773,1998,-20.56,84.82
246757,-0.9910,-0.0311,0.0797,0.11,0.02,0.10,-21.35,85.07,0.88,80.50,-20.46,84.85,-20.49,84.83,773,2001,-20.49,84.83
246777,-0.9910,-0.0311,0.0829,-0.00,0.10,0.12,-20.55,84.90,0.88,80.51,-20.45,84.86,-20.48,84.83,773,1994,-20.48,84.83
246797,-0.9929,-0.0312,0.0812,0.05,0.15,0.11,-21.00,84.99,0.88,80.51,-20.48,84.87,-20.49,84.84,776,1996,-20.49,84.84
246817,-0.9927,-0.0322,0.0839,0.04,0.15,0.06,-20.97,84.83,0.88,80.51,-20.61,84.87,-20.57,84.84,773,2001,-20.57,84.84
246837,-0.9911,-0.0329,0.0840,0.08,0.17,0.03,-21.38,84.80,0.88,80.52,-20.53,84.86,-20.52,84.84,775,1995,-20.52,84.84
246857,-0.9925,-0.0317,0.0847,0.09,0.23,0.08,-20.52,84.80,0.88,80.52,-20.54,84.84,-20.53,84.83,773,1994,-20.53,84.83
246877,-0.9922,-0.0322,0.0818,0.02,0.20,0.08,-21.51,84.94,0.88,80.52,-20.70,84.85,-20.63,84.83,773,1999,-20.63,84.83
246897,-0.9916,-0.0317,0.0827,0.01,0.15,0.08,-20.96,84.90,0.88,80.52,-20.69,84.85,-20.63,84.83,773,1999,-20.63,84.83
246917,-0.9919,-0.0327,0.0814,0.01,0.17,0.19,-21.89,84.94,0.88,80.53,-20.89,84.86,-20.75,84.84,773,2001,-20.75,84.84
246937,-0.9909,-0.0325,0.0820,0.08,0.04,0.08,-21.65,84.91,0.88,80.53,-21.07,84.87,-20.88,84.85,774,1996,-20.88,84.85
246956,-0.9919,-0.0312,0.0801,0.01,-0.00,0.07,-21.28,85.05,0.89,80.53,-21.07,84.87,-20.90,84.85,774,2001,-20.90,84.85
246976,-0.9922,-0.0331,0.0826,-0.05,0.07,0.01,-21.87,84.88,0.89,80.53,-21.09,84.87,-20.94,84.85,775,1998,-20.94,84.85
246996,-0.9918,-0.0304,0.0858,-0.10,0.26,-0.01,-19.50,84.76,0.88,80.53,-21.01,84.87,-20.92,84.85,774,1996,-20.92,84.85
247016,-0.9932,-0.0321,0.0807,-0.04,0.26,0.05,-21.68,85.00,0.88,80.54,-21.02,84.87,-20.94,84.85,775,1997,-20.94,84.85
247036,-0.9916,-0.0328,0.0808,0.02,0.55,-0.05,-22.08,84.97,0.88,80.54,-21.08,84.89,-20.99,84.87,774,2001,-20.99,84.87
247056,-0.9943,-0.0322,0.0783,0.14,0.38,0.05,-22.37,85.13,0.88,80.55,-21.14,84.90,-21.04,84.88,774,1996,-21.04,84.87
247076,-0.9907,-0.0338,0.0856,0.10,0.18,0.06,-21.53,84.70,0.89,80.56,-21.19,84.89,-21.09,84.87,775,1997,-21.09,84.87
247096,-0.9921,-0.0323,0.0835,0.02,0.12,0.09,-21.14,84.84,0.89,80.56,-21.18,84.88,-21.11,84.87,772,1995,-21.11,84.87
247116,-0.9914,-0.0327,0.0840,-0.03,0.17,0.05,-21.27,84.80,0.89,80.57,-21.27,84.90,-21.18,84.88,775,1997,-21.18,84.88
247136,-0.9908,-0.0328,0.0844,-0.05,0.09,-0.00,-21.22,84.78,0.89,80.57,-21.15,84.90,-21.13,84.88,775,1995,-21.13,84.88
247156,-0.9944,-0.0316,0.0806,0.09,-0.08,0.08,-21.37,85.02,0.89,80.57,-21.09,84.89,-21.11,84.88,775,1996,-21.11,84.88
247176,-0.9910,-0.0290,0.0821,0.12,0.10,0.19,-19.45,84.98,0.89,80.57,-21.12,84.90,-21.14,84.88,775,2000,-21.14,84.88
247196,-0.9927,-0.0339,0.0827,0.04,0.02,0.21,-22.27,84.86,0.89,80.57,-21.19,84.91,-21.19,84.89,776,1998,-21.19,84.89
247216,-0.9931,-0.0321,0.0837,-0.09,-0.04,0.16,-20.99,84.84,0.89,80.57,-21.04,84.89,-21.11,84.88,776,1998,-21.11,84.88
247236,-0.9917,-0.0316,0.0831,-0.00,-0.03,0.08,-20.80,84.88,0.89,80.57,-21.10,84.88,-21.16,84.87,776,1998,-21.16,84.87
247256,-0.9941,-0.0340,0.0813,-0.12,0.13,0.05,-22.69,84.93,0.88,80.57,-21.32,84.91,-21.29,84.89,775,1998,-21.29,84.89
247276,-0.9910,-0.0328,0.0795,0.07,0.14,-0.02,-22.44,85.04,0.88,80.57,-21.51,84.90,-21.41,84.89,775,1999,-21.41,84.89
247296,-0.9929,-0.0309,0.0840,0.01,0.07,0.24,-20.23,84.85,0.89,80.57,-21.33,84.92,-21.33,84.90,775,1998,-21.33,84.89
247316,-0.9910,-0.0308,0.0798,0.05,-0.06,0.14,-21.13,85.07,0.89,80.58,-21.24,84.91,-21.30,84.89,775,1998,-21.30,84.89
247336,-0.9917,-0.0326,0.0807,0.02,0.01,0.08,-21.98,84.98,0.89,80.58,-21.30,84.93,-21.34,84.90,775,1998,-21.34,84.90
247356,-0.9906,-0.0311,0.0792,-0.05,-0.04,0.06,-21.43,85.09,0.89,80.58,-21.35,84.93,-21.37,84.91,775,1994,-21.37,84.91
247376,-0.9904,-0.0319,0.0814,0.01,0.12,0.07,-21.37,84.95,0.89,80.58,-21.33,84.91,-21.37,84.90,773,1998,-21.37,84.90
247396,-0.9927,-0.0317,0.0828,0.06,0.24,0.12,-20.98,84.90,0.89,80.58,-21.34,84.92,-21.39,84.90,775,1998,-21.39,84.90
247416,-0.9894,-0.0310,0.0795,-0.00,0.24,0.01,-21.31,85.07,0.89,80.59,-21.49,84.95,-21.48,84.92,775,2001,-21.48,84.92
247436,-0.9890,-0.0294,0.0839,0.05,0.20,0.02,-19.28,84.86,0.89,80.59,-21.37,84.95,-21.43,84.93,775,1998,-21.43,84.93
247456,-0.9915,-0.0317,0.0833,0.08,0.26,0.05,-20.83,84.87,0.89,80.59,-21.26,84.94,-21.38,84.92,775,2001,-21.38,84.92
247476,-0.9917,-0.0327,0.0814,0.08,0.23,-0.00,-21.87,84.95,0.89,80.60,-21.24,84.95,-21.36,84.93,775,1998,-21.36,84.93
247496,-0.9926,-0.0308,0.0765,-0.03,0.24,0.09,-21.95,85.25,0.89,80.60,-21.19,84.97,-21.33,84.95,774,1998,-21.33,84.95
247516,-0.9909,-0.0316,0.0822,0.08,0.29,-0.00,-21.01,84.92,0.89,80.61,-21.08,84.97,-21.26,84.95,773,2000,-21.26,84.95
247536,-0.9932,-0.0316,0.0810,-0.07,0.22,0.13,-21.32,85.00,0.89,80.61,-21.06,84.95,-21.24,84.95,774,1999,-21.24,84.95
247556,-0.9922,-0.0299,0.0791,-0.04,0.20,0.04,-20.71,85.13,0.89,80.62,-21.12,84.98,-21.27,84.96,773,1998,-21.27,84.96
247576,-0.9902,-0.0291,0.0824,-0.07,0.36,0.03,-19.46,84.96,0.89,80.62,-21.24,84.99,-21.33,84.98,773,2000,-21.33,84.97
247596,-0.9929,-0.0339,0.0787,0.06,0.59,-0.05,-23.33,85.07,0.89,80.63,-21.27,85.01,-21.34,84.99,773,1998,-21.34,84.99
247616,-0.9910,-0.0318,0.0817,-0.08,0.71,-0.01,-21.26,84.94,0.89,80.64,-21.44,85.02,-21.45,85.01,773,1998,-21.45,85.01
247636,-0.9908,-0.0316,0.0771,-0.05,0.78,0.06,-22.26,85.19,0.89,80.66,-21.42,85.04,-21.44,85.02,773,1998,-21.44,85.02
247656,-0.9915,-0.0331,0.0785,0.04,0.99,-0.01,-22.89,85.09,0.89,80.68,-21.45,85.07,-21.47,85.05,773,1998,-21.47,85.05
247676,-0.9915,-0.0316,0.0840,0.01,0.69,-0.11,-20.63,84.83,0.89,80.70,-21.38,85.06,-21.44,85.05,773,1998,-21.44,85.05
247696,-0.9902,-0.0320,0.0815,-0.01,0.30,0.08,-21.45,84.94,0.89,80.70,-21.34,85.04,-21.42,85.04,773,1998,-21.42,85.04
247716,-0.9905,-0.0311,0.0803,-0.09,0.09,-0.04,-21.18,85.03,0.89,80.71,-21.47,85.04,-21.50,85.05,773,1999,-21.50,85.05
247736,-0.9905,-0.0328,0.0849,-0.02,0.17,-0.02,-21.11,84.75,0.89,80.71,-21.52,85.03,-21.54,85.04,773,1999,-21.54,85.04
247756,-0.9922,-0.0309,0.0782,-0.02,0.26,-0.08,-21.58,85.15,0.89,80.71,-21.57,85.04,-21.58,85.05,775,2000,-21.58,85.05
247776,-0.9929,-0.0327,0.0801,-0.09,0.10,0.07,-22.21,85.02,0.89,80.72,-21.55,85.04,-21.58,85.05,773,2000,-21.58,85.05
247796,-0.9919,-0.0313,0.0833,-0.03,0.26,-0.13,-20.60,84.87,0.89,80.72,-21.52,85.03,-21.57,85.04,774,2000,-21.57,85.04
247816,-0.9929,-0.0325,0.0820,0.08,0.20,0.05,-21.65,84.92,0.89,80.73,-21.44,85.02,-21.53,85.04,773,2001,-21.53,85.04
247836,-0.9919,-0.0323,0.0823,0.08,0.20,-0.02,-21.43,84.91,0.89,80.73,-21.45,85.01,-21.54,85.03,773,2000,-21.54,85.03
247856,-0.9926,-0.0318,0.0833,0.03,0.10,0.06,-20.91,84.87,0.89,80.73,-21.49,85.01,-21.56,85.03,773,1995,-21.56,85.03
247876,-0.9941,-0.0344,0.0805,0.05,0.26,0.08,-23.15,84.97,0.89,80.74,-21.49,85.01,-21.57,85.02,773,1999,-21.57,85.02
247896,-0.9889,-0.0322,0.0840,0.01,0.03,0.11,-20.98,84.80,0.89,80.74,-21.54,85.00,-21.60,85.02,773,1998,-21.60,85.02
247916,-0.9910,-0.0327,0.0760,0.13,-0.00,0.14,-23.24,85.23,0.89,80.74,-21.67,85.00,-21.68,85.01,773,1999,-21.68,85.01
247936,-0.9916,-0.0303,0.0825,0.08,0.01,0.05,-20.20,84.94,0.90,80.74,-21.64,85.00,-21.67,85.01,774,1997,-21.67,85.01
247956,-0.9927,-0.0316,0.0764,0.07,0.03,0.09,-22.48,85.24,0.90,80.74,-21.64,85.00,-21.68,85.01,774,2000,-21.68,85.01
247975,-0.9903,-0.0314,0.0797,-0.08,0.02,0.13,-21.52,85.05,0.90,80.74,-21.54,85.00,-21.63,85.00,774,1999,-21.63,85.00
247995,-0.9935,-0.0313,0.0785,-0.02,-0.05,0.03,-21.75,85.14,0.90,80.74,-21.57,85.02,-21.65,85.01,774,1995,-21.65,85.01
248015,-0.9921,-0.0318,0.0797,0.01,-0.03,-0.02,-21.75,85.06,0.90,80.74,-21.72,85.02,-21.74,85.01,774,1998,-21.74,85.01
248035,-0.9913,-0.0319,0.0812,-0.09,-0.03,-0.06,-21.45,84.97,0.90,80.74,-21.70,85.00,-21.74,85.00,774,1996,-21.74,85.00
248055,-0.9923,-0.0328,0.0803,-0.07,-0.00,-0.09,-22.21,85.01,0.90,80.74,-21.75,85.00,-21.77,85.00,774,2000,-21.77,85.00
248075,-0.9910,-0.0321,0.0822,0.03,0.13,0.03,-21.34,84.91,0.90,80.74,-21.60,85.00,-21.70,85.00,775,2002,-21.70,85.00
248095,-0.9899,-0.0322,0.0816,-0.01,0.10,-0.08,-21.55,84.93,0.90,80.74,-21.72,84.97,-21.77,84.98,775,1997,-21.77,84.98
248115,-0.9908,-0.0332,0.0798,-0.01,0.09,0.10,-22.58,85.01,0.90,80.75,-21.95,84.97,-21.91,84.97,774,1995,-21.91,84.98
248135,-0.9919,-0.0317,0.0776,-0.04,0.03,0.10,-22.23,85.17,0.90,80.75,-22.05,84.99,-21.99,84.98,776,1995,-21.99,84.98
248155,-0.9910,-0.0334,0.0760,-0.08,0.04,0.07,-23.76,85.21,0.90,80.74,-22.00,85.00,-21.98,84.99,786,2000,-21.98,84.99
248175,-0.9912,-0.0325,0.0800,-0.05,0.06,0.10,-22.14,85.02,0.90,80.75,-22.09,85.00,-22.05,84.99,776,1998,-22.05,84.99
248195,-0.9918,-0.0314,0.0805,-0.01,0.04,0.09,-21.29,85.02,0.90,80.75,-22.04,85.00,-22.05,84.99,776,1998,-22.05,84.99
248215,-0.9917,-0.0330,0.0784,-0.04,0.19,0.01,-22.81,85.10,0.90,80.75,-22.01,85.00,-22.04,84.99,776,1998,-22.04,84.99
248235,-0.9918,-0.0321,0.0818,0.10,0.32,0.21,-21.42,84.93,0.90,80.75,-22.07,85.02,-22.09,85.00,776,1998,-22.09,85.00
248255,-0.9901,-0.0329,0.0815,0.05,0.16,0.10,-21.99,84.93,0.90,80.76,-21.96,85.00,-22.04,84.99,775,1999,-22.04,84.99
248275,-0.9917,-0.0329,0.0809,0.04,0.17,0.17,-22.12,84.97,0.90,80.76,-21.99,85.00,-22.07,84.99,775,1998,-22.07,84.99
248295,-0.9910,-0.0334,0.0825,0.10,0.20,0.30,-22.03,84.87,0.90,80.76,-21.95,84.99,-22.05,84.99,775,2000,-22.05,84.99
248315,-0.9919,-0.0344,0.0778,0.02,-0.03,0.21,-23.86,85.10,0.90,80.77,-22.10,85.01,-22.14,85.00,785,1999,-22.14,85.00
248335,-0.9908,-0.0311,0.0820,-0.05,-0.01,0.05,-20.79,84.94,0.90,80.77,-21.81,85.03,-21.99,85.01,775,1998,-21.99,85.01
248355,-0.9922,-0.0320,0.0799,-0.03,-0.02,-0.08,-21.85,85.04,0.90,80.77,-21.82,85.02,-21.99,85.01,775,2000,-21.99,85.01
248375,-0.9915,-0.0321,0.0819,0.03,-0.12,0.08,-21.40,84.93,0.90,80.76,-21.69,85.02,-21.91,85.00,775,1998,-21.91,85.00
248395,-0.9896,-0.0333,0.0775,-0.01,0.03,0.10,-23.26,85.13,0.90,80.76,-21.77,85.02,-21.94,85.01,775,1994,-21.94,85.01
248415,-0.9912,-0.0313,0.0795,-0.01,-0.05,-0.09,-21.47,85.08,0.90,80.76,-21.82,85.03,-21.96,85.01,775,1999,-21.96,85.01
248435,-0.9908,-0.0336,0.0817,0.05,-0.12,0.03,-22.35,84.91,0.90,80.76,-21.77,85.02,-21.93,85.00,775,1999,-21.93,85.00
248455,-0.9918,-0.0308,0.0817,0.08,0.09,0.11,-20.63,84.97,0.90,80.76,-21.81,85.02,-21.95,85.01,773,1994,-21.95,85.01
248475,-0.9919,-0.0316,0.0808,0.01,-0.02,0.04,-21.37,85.00,0.90,80.76,-21.72,85.04,-21.89,85.02,773,1994,-21.89,85.02
248495,-0.9930,-0.0333,0.0801,-0.02,0.14,0.16,-22.58,85.01,0.90,80.77,-21.73,85.02,-21.89,85.01,774,1998,-21.89,85.01
248515,-0.9921,-0.0333,0.0808,-0.04,0.11,0.11,-22.41,84.96,0.90,80.77,-21.91,85.03,-21.98,85.01,772,1998,-21.98,85.01
248535,-0.9910,-0.0315,0.0829,-0.05,0.04,0.07,-20.81,84.89,0.90,80.77,-21.74,85.01,-21.89,85.00,774,2000,-21.89,85.00
248555,-0.9918,-0.0320,0.0811,0.08,0.16,0.08,-21.52,84.98,0.90,80.77,-21.69,84.99,-21.85,84.99,773,1999,-21.85,84.99
248575,-0.9916,-0.0311,0.0775,0.05,0.16,0.16,-21.86,85.19,0.90,80.77,-21.81,85.00,-21.91,85.00,773,1999,-21.91,85.00
248595,-0.9906,-0.0297,0.0822,-0.05,0.14,-0.02,-19.89,84.96,0.90,80.78,-21.72,85.01,-21.85,85.01,773,1999,-21.85,85.01
248615,-0.9935,-0.0313,0.0798,-0.00,0.13,0.03,-21.39,85.07,0.90,80.78,-21.69,85.02,-21.83,85.01,773,1998,-21.83,85.01
248635,-0.9915,-0.0330,0.0771,0.03,0.14,0.08,-23.15,85.17,0.90,80.78,-21.70,85.03,-21.82,85.01,773,1998,-21.82,85.01
248655,-0.9938,-0.0317,0.0781,0.06,0.06,-0.02,-22.13,85.15,0.90,80.78,-21.66,85.03,-21.79,85.02,773,1995,-21.79,85.02
248675,-0.9913,-0.0321,0.0800,0.11,0.01,0.12,-21.86,85.03,0.90,80.78,-21.77,85.05,-21.84,85.03,773,2001,-21.84,85.03
248695,-0.9920,-0.0328,0.0790,0.04,0.10,0.04,-22.52,85.07,0.90,80.78,-21.70,85.04,-21.80,85.02,773,1999,-21.80,85.02
248715,-0.9902,-0.0340,0.0781,0.09,-0.01,0.01,-23.53,85.09,0.90,80.78,-21.86,85.04,-21.89,85.03,776,1996,-21.89,85.03
248735,-0.9899,-0.0333,0.0778,-0.05,0.04,0.11,-23.16,85.12,0.90,80.78,-21.83,85.03,-21.87,85.02,773,2001,-21.87,85.02
248755,-0.9922,-0.0324,0.0800,0.01,-0.03,0.10,-22.05,85.03,0.91,80.78,-21.85,85.03,-21.89,85.02,773,1999,-21.89,85.02
248775,-0.9924,-0.0338,0.0804,-0.00,-0.03,0.01,-22.80,84.97,0.91,80.78,-21.96,85.04,-21.95,85.03,773,1999,-21.95,85.03
248795,-0.9905,-0.0316,0.0813,0.04,-0.00,-0.01,-21.25,84.97,0.91,80.78,-21.95,85.04,-21.96,85.03,773,2000,-21.96,85.03
248815,-0.9913,-0.0309,0.0815,0.10,0.08,0.01,-20.76,84.98,0.91,80.78,-21.94,85.05,-21.96,85.03,773,1999,-21.96,85.03
248835,-0.9911,-0.0325,0.0811,-0.01,0.14,0.14,-21.85,84.96,0.91,80.79,-21.84,85.03,-21.91,85.02,773,1994,-21.91,85.02
248855,-0.9911,-0.0323,0.0777,0.05,-0.10,0.13,-22.57,85.15,0.91,80.79,-21.85,85.03,-21.91,85.02,773,1999,-21.91,85.02
248875,-0.9910,-0.0319,0.0773,-0.06,0.09,0.01,-22.41,85.18,0.91,80.79,-21.96,85.03,-21.97,85.02,773,1995,-21.97,85.02
248895,-0.9925,-0.0305,0.0822,-0.03,-0.01,0.11,-20.34,84.96,0.90,80.79,-21.87,85.04,-21.93,85.03,774,1999,-21.93,85.03
248915,-0.9883,-0.0311,0.0793,-0.05,-0.02,0.07,-21.42,85.07,0.90,80.79,-21.86,85.04,-21.92,85.03,773,2000,-21.92,85.03
248935,-0.9923,-0.0311,0.0819,-0.00,-0.07,0.12,-20.81,84.95,0.90,80.79,-21.73,85.04,-21.85,85.03,774,1998,-21.85,85.03
248955,-0.9920,-0.0309,0.0782,0.01,-0.00,-0.08,-21.54,85.15,0.90,80.79,-21.64,85.03,-21.78,85.02,774,1997,-21.78,85.02
248974,-0.9911,-0.0314,0.0797,0.01,0.15,0.13,-21.52,85.06,0.90,80.79,-21.72,85.04,-21.82,85.03,774,1999,-21.82,85.03
248994,-0.9918,-0.0329,0.0769,0.07,-0.00,0.05,-23.16,85.18,0.90,80.79,-21.90,85.04,-21.91,85.03,775,1996,-21.91,85.03
249014,-0.9929,-0.0324,0.0812,0.05,-0.02,0.01,-21.75,84.97,0.91,80.79,-21.91,85.04,-21.93,85.03,774,2001,-21.93,85.03
249034,-0.9924,-0.0336,0.0777,0.05,0.25,0.15,-23.40,85.12,0.91,80.79,-21.84,85.04,-21.88,85.03,775,1998,-21.88,85.03
249054,-0.9918,-0.0335,0.0826,-0.08,0.17,0.16,-22.07,84.86,0.91,80.79,-21.80,85.02,-21.86,85.02,775,1998,-21.86,85.02
249074,-0.9914,-0.0320,0.0773,-0.00,0.17,0.13,-22.52,85.18,0.91,80.80,-21.77,85.03,-21.84,85.03,775,1995,-21.84,85.03
249094,-0.9922,-0.0325,0.0785,-0.02,0.04,0.07,-22.51,85.11,0.91,80.80,-21.87,85.04,-21.89,85.03,775,2001,-21.89,85.03
249114,-0.9905,-0.0309,0.0801,-0.00,0.07,0.12,-21.09,85.05,0.91,80.80,-21.87,85.05,-21.90,85.04,776,1994,-21.90,85.04
249134,-0.9924,-0.0297,0.0777,0.03,0.06,0.07,-20.93,85.21,0.91,80.80,-21.80,85.06,-21.86,85.04,776,1998,-21.86,85.04
249154,-0.9879,-0.0297,0.0814,0.07,0.91,0.28,-20.02,84.99,0.91,80.80,-21.72,85.05,-21.81,85.04,777,1999,-21.81,85.04
249174,-0.9880,-0.0305,0.0849,-0.03,-0.80,-0.19,-19.73,84.78,0.91,80.80,-21.77,85.06,-21.83,85.05,776,1994,-21.83,85.05
249194,-0.9906,-0.0333,0.0800,0.03,-0.50,-0.03,-22.63,85.00,0.91,80.80,-21.84,85.07,-21.86,85.06,776,1998,-21.86,85.06
249214,-0.9943,-0.0325,0.0780,0.02,0.07,0.06,-22.60,85.14,0.90,80.80,-21.77,85.05,-21.82,85.05,776,1999,-21.82,85.05
249234,-0.9930,-0.0322,0.0789,-0.06,0.10,0.14,-22.21,85.09,0.90,80.81,-21.85,85.04,-21.87,85.04,776,1998,-21.87,85.04
249254,-0.9914,-0.0311,0.0803,-0.09,0.06,-0.08,-21.16,85.04,0.90,80.81,-21.95,85.07,-21.93,85.06,775,1998,-21.93,85.06
249274,-0.9902,-0.0314,0.0784,0.02,0.11,0.04,-21.80,85.12,0.90,80.81,-21.93,85.06,-21.93,85.06,775,1998,-21.93,85.06
249294,-0.9939,-0.0325,0.0790,0.08,0.03,0.10,-22.37,85.08,0.90,80.81,-21.90,85.05,-21.91,85.05,775,1994,-21.91,85.05
249314,-0.9926,-0.0323,0.0805,-0.04,-0.10,-0.05,-21.89,85.00,0.90,80.81,-22.00,85.05,-21.97,85.05,775,1998,-21.97,85.05
249334,-0.9906,-0.0331,0.0775,-0.02,0.04,0.07,-23.11,85.14,0.90,80.81,-22.04,85.05,-22.00,85.05,775,1999,-22.00,85.05
249354,-0.9931,-0.0317,0.0816,0.09,0.15,0.03,-21.22,84.96,0.90,80.81,-22.02,85.05,-22.01,85.05,775,2000,-22.01,85.05
249374,-0.9906,-0.0316,0.0815,-0.00,0.08,-0.11,-21.21,84.96,0.90,80.81,-22.05,85.03,-22.03,85.04,775,1994,-22.03,85.04
249394,-0.9922,-0.0322,0.0782,0.08,0.07,0.03,-22.38,85.13,0.90,80.82,-21.93,85.04,-21.97,85.04,775,2001,-21.97,85.04
249414,-0.9901,-0.0322,0.0795,-0.02,0.14,0.05,-22.07,85.05,0.90,80.82,-21.92,85.04,-21.96,85.04,773,1999,-21.96,85.04
249434,-0.9908,-0.0316,0.0826,0.02,0.11,0.03,-20.91,84.90,0.90,80.82,-21.78,85.03,-21.88,85.04,773,2000,-21.88,85.04
249454,-0.9905,-0.0309,0.0773,-0.02,0.06,-0.02,-21.77,85.19,0.90,80.82,-21.88,85.04,-21.93,85.04,773,1995,-21.93,85.04
249474,-0.9913,-0.0325,0.0760,-0.02,0.07,0.04,-23.16,85.23,0.90,80.82,-21.87,85.03,-21.92,85.04,772,2000,-21.92,85.04
249494,-0.9917,-0.0336,0.0799,0.02,0.09,-0.05,-22.83,85.00,0.90,80.83,-22.07,85.05,-22.04,85.05,773,1999,-22.04,85.05
249514,-0.9913,-0.0342,0.0784,0.06,0.01,0.01,-23.58,85.07,0.90,80.83,-22.23,85.06,-22.13,85.05,773,1998,-22.13,85.05
249534,-0.9944,-0.0321,0.0803,-0.01,0.08,0.01,-21.80,85.03,0.90,80.83,-22.20,85.06,-22.14,85.05,774,2001,-22.14,85.05
249554,-0.9904,-0.0314,0.0767,-0.05,0.17,0.05,-22.30,85.22,0.90,80.83,-22.10,85.08,-22.10,85.06,773,1998,-22.10,85.06
249574,-0.9921,-0.0326,0.0768,-0.02,0.39,0.02,-22.98,85.19,0.90,80.83,-22.17,85.08,-22.14,85.07,773,1994,-22.14,85.07
249594,-0.9911,-0.0321,0.0778,0.06,0.72,-0.05,-22.42,85.15,0.90,80.85,-22.24,85.12,-22.19,85.10,773,1998,-22.19,85.09
249614,-1.0005,-0.0316,0.0787,0.18,-4.15,0.06,-21.84,85.15,0.90,80.83,-22.40,85.14,-22.30,85.10,773,1995,-22.30,85.10
249634,-0.9928,-0.0302,0.0811,0.36,-8.25,0.14,-20.43,85.02,0.91,80.69,-22.28,84.99,-22.25,84.96,773,1994,-22.25,84.96
249654,-0.9841,-0.0312,0.0901,0.20,-4.83,0.21,-19.08,84.46,0.92,80.55,-21.89,84.80,-22.04,84.80,773,1999,-22.04,84.80
249674,-0.9914,-0.0330,0.0847,0.02,-0.66,0.09,-21.26,84.76,0.92,80.51,-21.64,84.73,-21.88,84.74,774,2001,-21.88,84.74
249694,-0.9890,-0.0314,0.0861,0.08,-0.60,-0.01,-20.06,84.71,0.92,80.50,-21.51,84.73,-21.78,84.73,773,2001,-21.78,84.73
249714,-0.9913,-0.0323,0.0847,0.09,-1.57,0.03,-20.91,84.78,0.92,80.48,-21.31,84.71,-21.63,84.71,774,1994,-21.63,84.71
249734,-0.9906,-0.0325,0.0884,0.04,-0.60,0.05,-20.17,84.57,0.92,80.45,-21.17,84.68,-21.51,84.68,773,1999,-21.51,84.68
249754,-0.9906,-0.0320,0.0873,0.04,0.34,0.08,-20.11,84.64,0.92,80.46,-20.96,84.67,-21.34,84.68,773,1999,-21.34,84.68
249774,-0.9908,-0.0302,0.0849,-0.03,0.29,0.06,-19.55,84.80,0.92,80.46,-20.83,84.70,-21.21,84.70,773,2001,-21.21,84.70
249794,-0.9915,-0.0316,0.0872,0.09,-0.33,-0.04,-19.89,84.66,0.92,80.46,-20.78,84.71,-21.13,84.70,773,2001,-21.13,84.70
249814,-0.9914,-0.0330,0.0884,0.05,-0.77,0.08,-20.47,84.56,0.92,80.45,-20.62,84.69,-20.98,84.68,773,2000,-20.98,84.68
249834,-0.9899,-0.0331,0.0856,0.09,0.01,-0.05,-21.14,84.70,0.92,80.44,-20.56,84.67,-20.89,84.67,773,1999,-20.89,84.67
249854,-0.9912,-0.0315,0.0872,0.09,0.90,0.01,-19.85,84.66,0.92,80.45,-20.54,84.67,-20.82,84.68,773,2000,-20.82,84.68
249874,-0.9916,-0.0339,0.0909,0.05,0.89,-0.04,-20.48,84.41,0.92,80.47,-20.47,84.67,-20.73,84.68,773,2000,-20.73,84.68
249894,-0.9934,-0.0322,0.0852,0.04,0.69,0.02,-20.72,84.76,0.92,80.49,-20.53,84.68,-20.71,84.69,773,1999,-20.71,84.69
249914,-0.9901,-0.0322,0.0854,0.02,0.13,-0.08,-20.68,84.73,0.92,80.49,-20.46,84.69,-20.63,84.70,773,1994,-20.63,84.70
249934,-0.9897,-0.0321,0.0850,-0.01,0.18,0.08,-20.69,84.75,0.92,80.50,-20.56,84.70,-20.64,84.70,774,2002,-20.64,84.70
249954,-0.9924,-0.0322,0.0858,-0.02,0.36,-0.09,-20.58,84.72,0.92,80.50,-20.52,84.71,-20.59,84.71,774,2000,-20.59,84.71
249973,-0.9908,-0.0312,0.0875,0.05,0.43,-0.01,-19.63,84.65,0.92,80.51,-20.50,84.72,-20.54,84.72,774,2000,-20.54,84.72
249993,-0.9915,-0.0312,0.0857,-0.06,0.75,-0.01,-20.00,84.75,0.92,80.52,-20.52,84.73,-20.52,84.73,775,2002,-20.52,84.73
250013,-0.9920,-0.0293,0.0846,0.02,0.44,-0.05,-19.10,84.84,0.92,80.53,-20.54,84.76,-20.51,84.75,775,2002,-20.51,84.75
250033,-0.9915,-0.0310,0.0867,-0.00,0.02,-0.03,-19.67,84.69,0.92,80.54,-20.53,84.76,-20.48,84.75,775,2001,-20.48,84.75
250053,-0.9900,-0.0327,0.0858,0.04,0.53,-0.12,-20.87,84.70,0.92,80.54,-20.63,84.77,-20.52,84.76,774,1997,-20.52,84.76
250073,-0.9912,-0.0325,0.0833,-0.01,0.77,0.01,-21.31,84.85,0.92,80.55,-20.66,84.78,-20.53,84.77,776,1999,-20.53,84.77
250093,-0.9925,-0.0328,0.0843,0.04,0.74,-0.05,-21.28,84.79,0.93,80.57,-20.77,84.80,-20.58,84.79,776,1999,-20.58,84.79
250113,-0.9905,-0.0320,0.0842,0.01,0.43,0.04,-20.81,84.81,0.93,80.58,-20.83,84.80,-20.62,84.80,776,1999,-20.62,84.80
250133,-0.9933,-0.0323,0.0842,-0.05,0.68,-0.13,-20.99,84.81,0.93,80.59,-20.77,84.82,-20.59,84.81,776,1999,-20.59,84.81
250153,-0.9927,-0.0336,0.0848,0.10,0.72,-0.10,-21.59,84.75,0.93,80.61,-20.89,84.83,-20.65,84.83,776,1999,-20.65,84.83
250173,-0.9920,-0.0309,0.0844,-0.00,0.81,-0.04,-20.15,84.82,0.93,80.62,-20.95,84.84,-20.70,84.83,776,1999,-20.70,84.83
250193,-0.9919,-0.0308,0.0829,0.09,0.39,0.08,-20.38,84.90,0.93,80.63,-20.87,84.84,-20.66,84.84,776,1998,-20.66,84.84
250213,-0.9899,-0.0317,0.0830,-0.02,-0.39,0.01,-20.92,84.87,0.93,80.63,-21.04,84.84,-20.77,84.84,776,1998,-20.77,84.84
250233,-0.9928,-0.0331,0.0848,-0.02,-0.45,-0.01,-21.35,84.76,0.93,80.62,-20.97,84.84,-20.74,84.84,776,1998,-20.74,84.84
250253,-0.9913,-0.0323,0.0837,-0.06,-0.48,0.04,-21.10,84.83,0.93,80.61,-20.94,84.84,-20.73,84.83,775,1998,-20.73,84.83
250273,-0.9917,-0.0327,0.0840,0.04,0.18,0.07,-21.25,84.81,0.93,80.61,-20.81,84.82,-20.67,84.82,775,1998,-20.67,84.82
250293,-0.9937,-0.0330,0.0851,-0.02,-0.03,0.10,-21.18,84.75,0.93,80.61,-20.87,84.82,-20.70,84.82,775,1996,-20.70,84.82
250313,-0.9934,-0.0331,0.0832,0.06,-0.03,0.08,-21.72,84.85,0.93,80.61,-20.91,84.82,-20.72,84.82,775,1998,-20.72,84.82
250333,-0.9927,-0.0329,0.0823,0.02,-0.28,0.10,-21.78,84.90,0.93,80.61,-20.92,84.83,-20.73,84.83,775,1998,-20.73,84.83
250353,-0.9906,-0.0313,0.0835,-0.02,-0.18,-0.01,-20.56,84.86,0.93,80.60,-20.99,84.84,-20.78,84.83,773,1998,-20.78,84.83
250373,-0.9914,-0.0304,0.0813,0.07,0.07,-0.11,-20.50,85.00,0.93,80.60,-20.88,84.84,-20.73,84.83,773,1999,-20.73,84.83
250393,-0.9911,-0.0334,0.0812,-0.03,-0.04,-0.15,-22.39,84.94,0.93,80.60,-21.00,84.85,-20.81,84.84,773,1999,-20.81,84.84
250413,-0.9910,-0.0321,0.0826,0.02,0.31,-0.06,-21.24,84.89,0.93,80.60,-21.13,84.85,-20.89,84.84,773,1998,-20.89,84.84
250433,-0.9922,-0.0342,0.0815,-0.04,0.59,-0.02,-22.74,84.91,0.93,80.62,-21.10,84.86,-20.89,84.85,773,1999,-20.89,84.85
250453,-0.9896,-0.0330,0.0880,-0.00,0.19,-0.06,-20.56,84.57,0.93,80.63,-21.18,84.85,-20.96,84.85,773,2000,-20.96,84.85
250473,-0.9918,-0.0333,0.0869,0.05,0.19,-0.05,-20.98,84.64,0.93,80.63,-21.12,84.84,-20.94,84.85,773,2000,-20.94,84.85
250493,-0.9913,-0.0311,0.0842,0.02,0.08,-0.03,-20.28,84.82,0.93,80.63,-21.02,84.85,-20.89,84.85,773,1998,-20.89,84.85
250513,-0.9910,-0.0314,0.0829,0.02,0.18,0.08,-20.73,84.89,0.93,80.63,-21.09,84.86,-20.94,84.86,773,1998,-20.94,84.85
250533,-0.9894,-0.0329,0.0823,-0.01,0.56,-0.02,-21.78,84.88,0.93,80.64,-21.24,84.89,-21.04,84.88,774,2002,-21.04,84.88
250553,-0.9941,-0.0294,0.0804,-0.06,0.44,0.03,-20.05,85.08,0.93,80.65,-21.25,84.90,-21.07,84.89,773,1998,-21.07,84.89
250573,-0.9927,-0.0317,0.0836,-0.05,0.65,0.05,-20.80,84.86,0.93,80.66,-21.19,84.91,-21.05,84.90,774,1999,-21.05,84.90
250593,-0.9915,-0.0319,0.0835,-0.01,0.52,0.01,-20.92,84.85,0.93,80.67,-21.28,84.91,-21.12,84.91,773,1995,-21.12,84.90
250613,-0.9912,-0.0314,0.0808,-0.08,0.15,-0.04,-21.22,85.00,0.93,80.68,-21.34,84.90,-21.17,84.91,773,2000,-21.17,84.91
250633,-0.9918,-0.0311,0.0810,-0.08,0.21,-0.16,-20.99,85.00,0.93,80.68,-21.37,84.91,-21.21,84.91,774,2001,-21.21,84.91
250653,-0.9920,-0.0319,0.0836,-0.06,0.25,-0.04,-20.89,84.84,0.93,80.69,-21.38,84.91,-21.23,84.91,773,2000,-21.23,84.91
250673,-0.9906,-0.0337,0.0833,0.05,0.20,0.02,-22.02,84.82,0.93,80.69,-21.41,84.91,-21.27,84.91,773,2000,-21.27,84.91
250693,-0.9905,-0.0322,0.0817,-0.03,0.31,-0.03,-21.52,84.93,0.93,80.69,-21.43,84.91,-21.30,84.91,773,2000,-21.30,84.91
250713,-0.9919,-0.0329,0.0813,0.02,-0.27,-0.06,-22.03,84.95,0.93,80.70,-21.34,84.91,-21.27,84.92,773,1996,-21.26,84.92
250733,-0.9911,-0.0324,0.0812,0.08,-0.41,0.03,-21.76,84.96,0.93,80.69,-21.38,84.92,-21.30,84.92,773,1999,-21.30,84.92
250753,-0.9914,-0.0328,0.0799,0.08,-0.12,-0.02,-22.31,85.02,0.93,80.68,-21.36,84.91,-21.29,84.91,773,1995,-21.29,84.91
250773,-0.9923,-0.0316,0.0815,0.01,-0.52,0.01,-21.21,84.97,0.93,80.68,-21.32,84.91,-21.29,84.90,773,1995,-21.28,84.90
250793,-0.9938,-0.0342,0.0804,0.05,-0.45,0.02,-23.04,84.98,0.93,80.67,-21.29,84.90,-21.27,84.89,773,1994,-21.27,84.89
250813,-0.9907,-0.0318,0.0790,-0.09,-0.27,-0.16,-21.92,85.08,0.93,80.66,-21.43,84.91,-21.35,84.90,773,1995,-21.35,84.90
250833,-0.9901,-0.0314,0.0850,-0.08,-0.20,0.03,-20.30,84.77,0.93,80.65,-21.21,84.89,-21.24,84.89,773,2001,-21.24,84.89
